<?xml version='1.0' encoding='utf-8'?>
<!DOCTYPE hibernate-mapping PUBLIC
    "-//Hibernate/Hibernate Mapping DTD 3.0//EN"
    "http://www.hibernate.org/dtd/hibernate-mapping-3.0.dtd">
<hibernate-mapping>

    <class name="com.hgkj.model.entity.Car" table="car" schema="travel">
        <id name="carId" column="carID">
            <generator class="native"/>
        </id>
        <property name="time" column="time"/>
        <many-to-one name="customer" lazy="false"
                     class="com.hgkj.model.entity.Customer">
            <column name="customerID" not-null="true"/>
        </many-to-one>
        <many-to-one name="line" lazy="false"
                     class="com.hgkj.model.entity.Line">
            <column name="lineID" not-null="true"/>
        </many-to-one>
    </class>
</hibernate-mapping>