<?xml version='1.0' encoding='utf-8'?>
<!DOCTYPE hibernate-mapping PUBLIC
    "-//Hibernate/Hibernate Mapping DTD 3.0//EN"
    "http://www.hibernate.org/dtd/hibernate-mapping-3.0.dtd">
<hibernate-mapping>

    <class name="com.hgkj.model.entity.Customer" table="customer" schema="travel">
        <id name="customerId" column="customerID">
            <generator class="native"/>
        </id>
        <property name="account" column="account"/>
        <property name="name" column="name"/>
        <property name="password" column="password"/>
        <property name="gender" column="gender"/>
        <property name="identityId" column="identityId"/>
        <property name="tel" column="tel"/>
        <property name="type" column="type"/>
        <set name="carSet" inverse="true" lazy="false">
            <key>
                <column name="customerID" not-null="true"/>
            </key>
            <one-to-many not-found="ignore" class="com.hgkj.model.entity.Car"/>
        </set>
        <set name="orderdetailSet" inverse="true">
            <key>
                <column name="customerID" not-null="true"/>
            </key>
            <one-to-many not-found="ignore" class="com.hgkj.model.entity.Orderdetail"/>
        </set>
    </class>
</hibernate-mapping>