<?xml version='1.0' encoding='utf-8'?>
<!DOCTYPE hibernate-mapping PUBLIC
    "-//Hibernate/Hibernate Mapping DTD 3.0//EN"
    "http://www.hibernate.org/dtd/hibernate-mapping-3.0.dtd">
<hibernate-mapping>

    <class name="com.hgkj.model.entity.Line" table="line" schema="travel">
        <id name="lineId" column="lineID"/>
        <property name="lineName" column="lineName"/>
        <property name="days" column="days"/>
        <property name="vehicle" column="vehicle"/>
        <property name="introduction" column="introduction"/>
        <property name="reason" column="reason"/>
        <property name="arrange" column="arrange"/>
        <property name="price" column="price"/>
        <property name="teamBuy" column="teamBuy"/>
        <property name="teamBuyPrice" column="teamBuyPrice"/>
        <property name="beginTime" column="beginTime"/>
        <property name="endTime" column="endTime"/>
        <property name="onTime" column="onTime"/>
        <many-to-one name="linetype" lazy="false"
                     class="com.hgkj.model.entity.Linetype">
            <column name="lineTypeID" not-null="true"/>
        </many-to-one>
        <set name="carSet" inverse="true" lazy="false">
            <key>
                <column name="lineID" not-null="true"/>
            </key>
            <one-to-many not-found="ignore" class="com.hgkj.model.entity.Car"/>
        </set>
        <set name="orderdetailSet" inverse="true" lazy="false">
            <key>
                <column name="lineID" not-null="true"/>
            </key>
            <one-to-many not-found="ignore" class="com.hgkj.model.entity.Orderdetail"/>
        </set>
        <set name="pictureSet" inverse="true" lazy="false">
            <key>
                <column name="lineID" not-null="true"/>
            </key>
            <one-to-many not-found="ignore" class="com.hgkj.model.entity.Picture"/>
        </set>
    </class>
</hibernate-mapping>