<?xml version='1.0' encoding='utf-8'?>
<!DOCTYPE hibernate-mapping PUBLIC
    "-//Hibernate/Hibernate Mapping DTD 3.0//EN"
    "http://www.hibernate.org/dtd/hibernate-mapping-3.0.dtd">
<hibernate-mapping>

    <class name="com.hgkj.model.entity.Orderdetail" table="orderdetail" schema="travel">
        <id name="odId" column="odID"/>
        <property name="lineName" column="lineName"/>
        <property name="price" column="price"/>
        <property name="orderDate" column="orderDate"/>
        <property name="travelDate" column="travelDate"/>
        <property name="total" column="total"/>
        <property name="state" column="state"/>
        <many-to-one name="customer" class="com.hgkj.model.entity.Customer">
            <column name="customerID" not-null="true"/>
        </many-to-one>
        <many-to-one name="line" class="com.hgkj.model.entity.Line">
            <column name="lineID" not-null="true"/>
        </many-to-one>
        <set name="otdetailSet" inverse="true">
            <key><column name="odID" not-null="true"/></key>
            <one-to-many class="com.hgkj.model.entity.Otdetail"/>
        </set>
    </class>
</hibernate-mapping>