<?xml version='1.0' encoding='utf-8'?>
<!DOCTYPE hibernate-mapping PUBLIC
    "-//Hibernate/Hibernate Mapping DTD 3.0//EN"
    "http://www.hibernate.org/dtd/hibernate-mapping-3.0.dtd">
<hibernate-mapping>

    <class name="com.hgkj.model.entity.Picture" table="picture" schema="travel">
        <id name="pictureId" column="pictureID">
            <generator class="native"/>
        </id>
        <property name="introduction" column="introduction"/>
        <property name="name" column="name"/>
        <many-to-one name="line" cascade="all"
                     class="com.hgkj.model.entity.Line" >
            <column name="lineID" not-null="true" />
        </many-to-one>
    </class>
</hibernate-mapping>