<?xml version='1.0' encoding='utf-8'?>
<!DOCTYPE hibernate-mapping PUBLIC
    "-//Hibernate/Hibernate Mapping DTD 3.0//EN"
    "http://www.hibernate.org/dtd/hibernate-mapping-3.0.dtd">
<hibernate-mapping>

    <class name="com.hgkj.model.entity.Tourist" table="tourist" schema="travel">
        <id name="touristId" column="touristID"/>
        <property name="idCard" column="IDCard"/>
        <property name="tel" column="tel"/>
        <property name="realName" column="realName"/>
        <set name="otdetailSet" inverse="true">
            <key><column name="touristID" not-null="true"/></key>
            <one-to-many class="com.hgkj.model.entity.Otdetail"/>
        </set>
    </class>
</hibernate-mapping>