<?xml version='1.0' encoding='utf-8'?>
<!DOCTYPE hibernate-mapping PUBLIC
    "-//Hibernate/Hibernate Mapping DTD 3.0//EN"
    "http://www.hibernate.org/dtd/hibernate-mapping-3.0.dtd">
<hibernate-mapping>

    <class name="com.hgkj.model.entity.LineType" table="linetype" schema="travel">
        <id name="lineTypeId" column="lineTypeId"/>
        <property name="typeName" column="typeName"/>
        <property name="time" column="time"/>
        <property name="icon" column="icon"/>
        <set name="lineSet" inverse="true" cascade="all" lazy="false">
            <key column="lineTypeId"/>
            <one-to-many class="com.hgkj.model.entity.Line"/>
        </set>
    </class>
</hibernate-mapping>